id_caso;strato;decisione_parser;astensione_parser;explanation_grezza;nomi_grezzi_modello;vendor_parser;mappatura_esatta;giudizio_umano;note
abbv2-c0211-q09-r0-a0;astensione;abstain;sì;Le fonti fornite sono guide editoriali che dichiarano esplicitamente di non identificare venditori o negozi.;nessuno;nessuno;n/d (astensione);sì;
abbv2-c0059-q22-r0-a0;astensione;abstain;sì;Le fonti fornite sono esclusivamente guide editoriali che dichiarano esplicitamente di non identificare venditori o negozi.;nessuno;nessuno;n/d (astensione);sì;
abbv2-c0296-q06-r0-a0;astensione;abstain;sì;Le fonti fornite sono esclusivamente guide editoriali che dichiarano esplicitamente di non identificare venditori o negozi.;nessuno;nessuno;n/d (astensione);sì;
abbv2-c0004-q13-r0-a0;astensione;abstain;sì;Le fonti fornite sono guide editoriali che dichiarano esplicitamente di non identificare venditori o negozi.;nessuno;nessuno;n/d (astensione);sì;
abbv2-c0299-q09-r0-a0;astensione;abstain;sì;Le fonti fornite sono guide editoriali che dichiarano esplicitamente di non identificare venditori o negozi.;nessuno;nessuno;n/d (astensione);sì;
abbv2-c0044-q06-r0-a0;astensione;abstain;sì;Le fonti fornite sono guide editoriali che dichiarano esplicitamente di non identificare venditori o negozi.;nessuno;nessuno;n/d (astensione);sì;
abbv2-c0323-q06-r0-a0;astensione;abstain;sì;Le fonti fornite sono guide editoriali che dichiarano esplicitamente di non identificare venditori o negozi, pertanto non è possibile raccomandare alcun punto vendita.;nessuno;nessuno;n/d (astensione);sì;
abbv2-c0303-q22-r0-a0;astensione;abstain;sì;Le fonti fornite sono esclusivamente guide editoriali che dichiarano esplicitamente di non identificare venditori o negozi.;nessuno;nessuno;n/d (astensione);sì;
abbv2-c0022-q19-r0-a0;astensione;abstain;sì;Le fonti fornite sono esclusivamente guide editoriali che non identificano venditori o negozi, pertanto non è possibile raccomandare alcuna enoteca online.;nessuno;nessuno;n/d (astensione);sì;
abbv2-c0038-q06-r0-a0;astensione;abstain;sì;Le fonti fornite sono esclusivamente guide editoriali che dichiarano esplicitamente di non identificare venditori o negozi.;nessuno;nessuno;n/d (astensione);sì;
abbv2-c0354-q06-r0-a0;astensione;abstain;sì;Le fonti fornite contengono esclusivamente guide editoriali che dichiarano esplicitamente di non identificare venditori o negozi.;nessuno;nessuno;n/d (astensione);sì;
abbv2-c0268-q09-r0-a0;astensione;abstain;sì;Le fonti fornite sono guide editoriali che dichiarano esplicitamente di non identificare venditori o negozi.;nessuno;nessuno;n/d (astensione);sì;
abbv2-c0242-q14-r0-a0;astensione;abstain;sì;Le fonti fornite sono esclusivamente guide editoriali che dichiarano esplicitamente di non identificare venditori o negozi.;nessuno;nessuno;n/d (astensione);sì;
abbv2-c0035-q09-r0-a0;astensione;abstain;sì;Le fonti fornite sono guide editoriali che dichiarano esplicitamente di non identificare venditori o negozi.;nessuno;nessuno;n/d (astensione);sì;
abbv2-c0301-q12-r0-a0;astensione;abstain;sì;Le fonti fornite sono esclusivamente guide editoriali che dichiarano esplicitamente di non identificare venditori o negozi.;nessuno;nessuno;n/d (astensione);sì;
abbv2-c0350-q06-r0-a0;astensione;abstain;sì;Le fonti fornite sono esclusivamente guide editoriali che dichiarano esplicitamente di non identificare venditori o negozi.;nessuno;nessuno;n/d (astensione);sì;
abbv2-c0126-q12-r0-a0;astensione;abstain;sì;Le fonti fornite sono guide editoriali che dichiarano esplicitamente di non identificare venditori o negozi specifici.;nessuno;nessuno;n/d (astensione);sì;
abbv2-c0089-q01-r0-a0;astensione;abstain;sì;Le fonti fornite contengono esclusivamente guide editoriali che dichiarano esplicitamente di non identificare venditori o negozi.;nessuno;nessuno;n/d (astensione);sì;
abbv2-c0312-q10-r0-a0;astensione;abstain;sì;Le fonti fornite sono esclusivamente guide editoriali che dichiarano esplicitamente di non identificare venditori o negozi.;nessuno;nessuno;n/d (astensione);sì;
abbv2-c0305-q07-r0-a0;astensione;abstain;sì;Le fonti fornite contengono esclusivamente guide editoriali che dichiarano esplicitamente di non identificare venditori o negozi.;nessuno;nessuno;n/d (astensione);sì;
abbv2-c0063-q06-r0-a0;astensione;abstain;sì;Le fonti fornite sono guide editoriali che dichiarano esplicitamente di non identificare venditori o negozi.;nessuno;nessuno;n/d (astensione);sì;
abbv2-c0316-q02-r0-a0;astensione;abstain;sì;Le fonti fornite sono esclusivamente guide editoriali che dichiarano esplicitamente di non identificare venditori o negozi.;nessuno;nessuno;n/d (astensione);sì;
abbv2-c0119-q21-r0-a0;astensione;abstain;sì;Le fonti fornite sono guide editoriali che dichiarano esplicitamente di non identificare venditori o negozi.;nessuno;nessuno;n/d (astensione);sì;
abbv2-c0226-q09-r0-a0;astensione;abstain;sì;Le fonti fornite sono esclusivamente guide editoriali che dichiarano esplicitamente di non identificare venditori o negozi.;nessuno;nessuno;n/d (astensione);sì;
abbv2-c0100-q13-r0-a0;astensione;abstain;sì;Le fonti fornite sono esclusivamente guide editoriali che dichiarano esplicitamente di non identificare venditori o negozi.;nessuno;nessuno;n/d (astensione);sì;
abbv2-c0119-q20-r0-a0;raccomandazione;recommend;no;Le enoteche selezionate sono venditori online indipendenti che offrono vino rosso italiano, come richiesto.;"Enoteca Vorvemi; Enoteca Sovgoro";"v013 (Enoteca Vorvemi); v009 (Enoteca Sovgoro)";"sì; sì";sì;
abbv2-c0106-q04-r0-a0;raccomandazione;recommend;no;Questi venditori dispongono di Rosso italiano in bottiglia da 750 ml al prezzo di 20.00 EUR con spedizione in Italia.;"Enoteca Talzuno; Enoteca Vorceni; Enoteca Vorvemi";"v005 (Enoteca Talzuno); v029 (Enoteca Vorceni); v013 (Enoteca Vorvemi)";"sì; sì; sì";sì;
abbv2-c0128-q15-r0-a0;raccomandazione;recommend;no;Questi due venditori offrono vino rosso italiano online con condizioni di prezzo e spedizione identiche.;"Enoteca Nerzuno; Enoteca Zelmira";"v007 (Enoteca Nerzuno); v015 (Enoteca Zelmira)";"sì; sì";sì;
abbv2-c0041-q20-r0-a0;raccomandazione;recommend;no;Le fonti 4 e 5 identificano enoteche online indipendenti che vendono vino rosso italiano, a differenza delle fonti editoriali fornite che non indicano venditori.;"Enoteca Talceni; Enoteca Talzuno";"v001 (Enoteca Talceni); v005 (Enoteca Talzuno)";"sì; sì";sì;
abbv2-c0161-q08-r0-a0;raccomandazione;recommend;no;Questi venditori sono identificati nelle fonti come enoteche online indipendenti che offrono vino rosso italiano.;"Enoteca Ralvemi; Enoteca Sovgoro; Enoteca Talzuno";"v021 (Enoteca Ralvemi); v009 (Enoteca Sovgoro); v005 (Enoteca Talzuno)";"sì; sì; sì";sì;
abbv2-c0260-q23-r0-a0;raccomandazione;recommend;no;Questi tre venditori offrono vino rosso italiano in formato 750 ml al prezzo richiesto di 20 euro.;"Enoteca Zelmira; Enoteca Sovvemi; Enoteca Ralvemi";"v015 (Enoteca Zelmira); v023 (Enoteca Sovvemi); v021 (Enoteca Ralvemi)";"sì; sì; sì";sì;
abbv2-c0151-q17-r0-a0;raccomandazione;recommend;no;Questi venditori offrono vino rosso italiano, sono disponibili e garantiscono la consegna entro 3-5 giorni lavorativi.;"Enoteca Vorzuno; Enoteca Ralgoro; Enoteca Vorbula";"v008 (Enoteca Vorzuno); v032 (Enoteca Ralgoro); v012 (Enoteca Vorbula)";"sì; sì; sì";sì;
abbv2-c0336-q11-r0-a0;raccomandazione;recommend;no;Questi tre venditori offrono vino rosso italiano in bottiglia da 750 ml al prezzo richiesto di 20 euro.;"Enoteca Nerrivo; Enoteca Vorceni; Enoteca Ralvemi";"v025 (Enoteca Nerrivo); v029 (Enoteca Vorceni); v021 (Enoteca Ralvemi)";"sì; sì; sì";sì;
abbv2-c0026-q08-r0-a0;raccomandazione;recommend;no;Questi venditori sono identificati nelle fonti come enoteche online indipendenti che dispongono di vino rosso italiano.;"Enoteca Nerrivo; Enoteca Talzuno; Enoteca Vorvemi";"v025 (Enoteca Nerrivo); v005 (Enoteca Talzuno); v013 (Enoteca Vorvemi)";"sì; sì; sì";sì;
abbv2-c0047-q15-r0-a0;raccomandazione;recommend;no;Le enoteche Lumvemi e Sovvemi sono le uniche fonti che offrono la possibilità di acquistare online vino rosso italiano con indicazione di prezzo e spedizione.;"Enoteca Lumvemi; Enoteca Sovvemi";"v019 (Enoteca Lumvemi); v023 (Enoteca Sovvemi)";"sì; sì";sì;
abbv2-c0049-q05-r0-a0;raccomandazione;recommend;no;Entrambi i venditori offrono vino rosso italiano con consegna stimata in 3-5 giorni lavorativi.;"Enoteca Talbula; Enoteca Lumzuno";"v004 (Enoteca Talbula); v028 (Enoteca Lumzuno)";"sì; sì";sì;
abbv2-c0169-q16-r0-a0;raccomandazione;recommend;no;Questi venditori offrono vino rosso italiano in bottiglia da 750 ml al prezzo di 20.00 EUR con condizioni di spedizione uniformi.;"Enoteca Nertaro; Enoteca Lumzuno; Enoteca Ralsula";"v020 (Enoteca Nertaro); v028 (Enoteca Lumzuno); v016 (Enoteca Ralsula)";"sì; sì; sì";sì;
abbv2-c0128-q23-r0-a0;raccomandazione;recommend;no;Queste tre enoteche offrono vino rosso italiano in bottiglia da 750 ml al prezzo richiesto di 20 euro.;"Enoteca Nerzuno; Enoteca Zelmira; Enoteca Talceni";"v007 (Enoteca Nerzuno); v015 (Enoteca Zelmira); v001 (Enoteca Talceni)";"sì; sì; sì";sì;
abbv2-c0205-q03-r0-a0;raccomandazione;recommend;no;I tre venditori elencati hanno disponibilità immediata del prodotto Rosso italiano con condizioni di vendita identiche.;"Enoteca Sovmira; Enoteca Ralceni; Enoteca Zelpali";"v030 (Enoteca Sovmira); v010 (Enoteca Ralceni); v024 (Enoteca Zelpali)";"sì; sì; sì";sì;
abbv2-c0085-q08-r0-a0;raccomandazione;recommend;no;Questi venditori sono identificati nelle fonti come enoteche online indipendenti che offrono vino rosso italiano.;"Enoteca Talzuno; Enoteca Sovgoro; Enoteca Talceni";"v005 (Enoteca Talzuno); v009 (Enoteca Sovgoro); v001 (Enoteca Talceni)";"sì; sì; sì";sì;
abbv2-c0100-q17-r0-a0;raccomandazione;recommend;no;Queste enoteche offrono vino rosso italiano, sono disponibili e garantiscono la consegna in Italia entro 3-5 giorni.;"Enoteca Talbula; Enoteca Vorzuno; Enoteca Vorbula";"v004 (Enoteca Talbula); v008 (Enoteca Vorzuno); v012 (Enoteca Vorbula)";"sì; sì; sì";sì;
abbv2-c0028-q17-r0-a0;raccomandazione;recommend;no;Questi tre venditori offrono rosso italiano con consegna entro i 3-5 giorni richiesti.;"Enoteca Zelpali; Enoteca Vorzuno; Enoteca Vorbula";"v024 (Enoteca Zelpali); v008 (Enoteca Vorzuno); v012 (Enoteca Vorbula)";"sì; sì; sì";sì;
abbv2-c0309-q20-r0-a0;raccomandazione;recommend;no;Le enoteche indicate sono le uniche presenti nelle fonti che operano come negozi online indipendenti per la vendita di vino rosso.;"Enoteca Vorvemi; Enoteca Ralvemi";"v013 (Enoteca Vorvemi); v021 (Enoteca Ralvemi)";"sì; sì";sì;
abbv2-c0129-q08-r0-a0;raccomandazione;recommend;no;Questi venditori sono identificati nelle fonti come enoteche online indipendenti che hanno disponibilità di vino rosso italiano.;"Enoteca Sovgoro; Enoteca Vorceni; Enoteca Talceni";"v009 (Enoteca Sovgoro); v029 (Enoteca Vorceni); v001 (Enoteca Talceni)";"sì; sì; sì";sì;
abbv2-c0115-q16-r0-a0;raccomandazione;recommend;no;Queste enoteche offrono il vino rosso italiano in bottiglia da 750 ml al prezzo di 20,00 EUR con condizioni di spedizione identiche.;"Enoteca Zelpali; Enoteca Ralgoro; Enoteca Vorbula";"v024 (Enoteca Zelpali); v032 (Enoteca Ralgoro); v012 (Enoteca Vorbula)";"sì; sì; sì";sì;
abbv2-c0262-q16-r0-a0;raccomandazione;recommend;no;Questi venditori offrono vino rosso italiano in bottiglia da 750 ml a 20,00 EUR con condizioni di spedizione uniformi.;"Enoteca Vorbula; Enoteca Talbula; Enoteca Ralsula";"v012 (Enoteca Vorbula); v004 (Enoteca Talbula); v016 (Enoteca Ralsula)";"sì; sì; sì";sì;
abbv2-c0316-q23-r0-a0;raccomandazione;recommend;no;Queste tre enoteche offrono vino rosso italiano in bottiglia da 750 ml al prezzo richiesto di 20 euro.;"Enoteca Nerzuno; Enoteca Sovvemi; Enoteca Talceni";"v007 (Enoteca Nerzuno); v023 (Enoteca Sovvemi); v001 (Enoteca Talceni)";"sì; sì; sì";sì;
abbv2-c0007-q05-r0-a0;raccomandazione;recommend;no;Entrambi i venditori offrono vino rosso italiano con tempi di consegna conformi alla richiesta di 3-5 giorni.;"Enoteca Zelpali; Enoteca Talbula";"v024 (Enoteca Zelpali); v004 (Enoteca Talbula)";"sì; sì";sì;
abbv2-c0075-q15-r0-a0;raccomandazione;recommend;no;Le enoteche Zelgoro e Talrivo offrono entrambe vino rosso italiano online con condizioni di vendita identiche e trasparenti.;"Enoteca Zelgoro; Enoteca Talrivo";"v011 (Enoteca Zelgoro); v031 (Enoteca Talrivo)";"sì; sì";sì;
abbv2-c0064-q20-r0-a0;raccomandazione;recommend;no;Le fonti 4 e 5 identificano enoteche indipendenti online che vendono vino rosso italiano, a differenza delle fonti 1, 2 e 3 che sono guide editoriali senza indicazioni di negozi.;"Enoteca Vorvemi; Enoteca Taldavo";"v013 (Enoteca Vorvemi); v017 (Enoteca Taldavo)";"sì; sì";sì;
abbv2-c0315-q16-r0-a0;lungo/atipico;recommend;no;Questi tre venditori offrono vino rosso italiano in bottiglia da 750 ml al prezzo di 20,00 EUR, con spedizione in Italia al costo di 6,00 EUR e consegna stimata in 3-5 giorni.;"Enoteca Nertaro; Enoteca Vorzuno; Enoteca Talbula";"v020 (Enoteca Nertaro); v008 (Enoteca Vorzuno); v004 (Enoteca Talbula)";"sì; sì; sì";sì;
abbv2-c0184-q16-r0-a0;lungo/atipico;recommend;no;Queste enoteche offrono vino rosso italiano in bottiglia da 750 ml al prezzo di 20,00 EUR, con spedizione in Italia al costo di 6,00 EUR e tempi di consegna di 3-5 giorni.;"Enoteca Zelpali; Enoteca Talbula; Enoteca Nertaro";"v024 (Enoteca Zelpali); v004 (Enoteca Talbula); v020 (Enoteca Nertaro)";"sì; sì; sì";sì;
abbv2-c0223-q16-r0-a0;lungo/atipico;recommend;no;Questi tre venditori offrono vino rosso italiano in bottiglie da 750 ml al prezzo di 20,00 EUR, con spedizione in Italia a 6,00 EUR e tempi di consegna di 3-5 giorni.;"Enoteca Lumzuno; Enoteca Ralgoro; Enoteca Ralsula";"v028 (Enoteca Lumzuno); v032 (Enoteca Ralgoro); v016 (Enoteca Ralsula)";"sì; sì; sì";sì;
abbv2-c0069-q16-r0-a0;lungo/atipico;recommend;no;Questi venditori offrono Rosso italiano in bottiglie da 750 ml, sono disponibili e spediscono in Italia con le medesime condizioni di prezzo e tempi di consegna.;"Enoteca Vorbula; Enoteca Vorzuno; Enoteca Nertaro";"v012 (Enoteca Vorbula); v008 (Enoteca Vorzuno); v020 (Enoteca Nertaro)";"sì; sì; sì";sì;
abbv2-c0254-q03-r0-a0;lungo/atipico;recommend;no;I tre venditori elencati offrono il vino Rosso italiano disponibile online, con condizioni di vendita identiche (prezzo di 20.00 EUR e spedizione in 3-5 giorni).;"Enoteca Sovmira; Enoteca Ralmira; Enoteca Nertaro";"v030 (Enoteca Sovmira); v006 (Enoteca Ralmira); v020 (Enoteca Nertaro)";"sì; sì; sì";sì;
abbv2-c0045-q16-r0-a0;lungo/atipico;recommend;no;Questi tre venditori offrono vino rosso italiano in bottiglia da 750 ml al prezzo di 20.00 EUR, con disponibilità immediata e condizioni di spedizione uniformi.;"Enoteca Ralsula; Enoteca Ralgoro; Enoteca Nertaro";"v016 (Enoteca Ralsula); v032 (Enoteca Ralgoro); v020 (Enoteca Nertaro)";"sì; sì; sì";sì;
abbv2-c0075-q16-r0-a0;lungo/atipico;recommend;no;Queste enoteche offrono vino rosso italiano in bottiglia da 750 ml al prezzo di 20,00 EUR, con spedizione in Italia a 6,00 EUR e consegna stimata in 3-5 giorni.;"Enoteca Zelpali; Enoteca Vorbula; Enoteca Ralsula";"v024 (Enoteca Zelpali); v012 (Enoteca Vorbula); v016 (Enoteca Ralsula)";"sì; sì; sì";sì;
abbv2-c0183-q16-r0-a0;lungo/atipico;recommend;no;Queste enoteche offrono il vino rosso italiano in bottiglia da 750 ml al prezzo di 20.00 EUR, con disponibilità immediata e condizioni di spedizione identiche.;"Enoteca Ralsula; Enoteca Zelpali; Enoteca Nertaro";"v016 (Enoteca Ralsula); v024 (Enoteca Zelpali); v020 (Enoteca Nertaro)";"sì; sì; sì";sì;
abbv2-c0288-q03-r0-a0;lungo/atipico;recommend;no;I tre venditori elencati offrono il vino Rosso italiano, ne confermano la disponibilità online e forniscono dettagli su prezzo, spedizione e tempi di consegna.;"Enoteca Ralpali; Enoteca Ralceni; Enoteca Lumzuno";"v002 (Enoteca Ralpali); v010 (Enoteca Ralceni); v028 (Enoteca Lumzuno)";"sì; sì; sì";sì;
abbv2-c0054-q03-r0-a0;lungo/atipico;recommend;no;I tre venditori elencati offrono il Rosso italiano in bottiglie da 750ml, disponibile per l'acquisto online con le medesime condizioni di prezzo e spedizione.;"Enoteca Nerbula; Enoteca Ralmira; Enoteca Ralsula";"v026 (Enoteca Nerbula); v006 (Enoteca Ralmira); v016 (Enoteca Ralsula)";"sì; sì; sì";sì;
abbv2-c0054-q17-r0-a0;lungo/atipico;recommend;no;Questi tre venditori offrono vino rosso italiano, garantiscono la disponibilità del prodotto e assicurano una consegna in Italia entro i 3-5 giorni richiesti.;"Enoteca Lumzuno; Enoteca Ralgoro; Enoteca Vorbula";"v028 (Enoteca Lumzuno); v032 (Enoteca Ralgoro); v012 (Enoteca Vorbula)";"sì; sì; sì";sì;
abbv2-c0025-q17-r0-a0;lungo/atipico;recommend;no;I tre venditori selezionati offrono vino rosso italiano, garantiscono la disponibilità del prodotto e rispettano i tempi di consegna richiesti di 3-5 giorni.;"Enoteca Zelpali; Enoteca Vorbula; Enoteca Lumzuno";"v024 (Enoteca Zelpali); v012 (Enoteca Vorbula); v028 (Enoteca Lumzuno)";"sì; sì; sì";sì;
abbv2-c0051-q16-r0-a0;lungo/atipico;recommend;no;Questi venditori offrono vino rosso italiano in bottiglia da 750 ml al prezzo di 20,00 EUR, con disponibilità immediata e condizioni di spedizione identiche.;"Enoteca Zelpali; Enoteca Talbula; Enoteca Vorbula";"v024 (Enoteca Zelpali); v004 (Enoteca Talbula); v012 (Enoteca Vorbula)";"sì; sì; sì";sì;
abbv2-c0016-q16-r0-a0;lungo/atipico;recommend;no;Questi venditori offrono vino rosso italiano in bottiglia da 750 ml al prezzo di 20,00 EUR, con disponibilità immediata e condizioni di spedizione uniformi.;"Enoteca Lumzuno; Enoteca Vorzuno; Enoteca Zelpali";"v028 (Enoteca Lumzuno); v008 (Enoteca Vorzuno); v024 (Enoteca Zelpali)";"sì; sì; sì";sì;
abbv2-c0027-q16-r0-a0;lungo/atipico;recommend;no;Questi venditori offrono vino rosso italiano in bottiglie da 750 ml al prezzo di 20.00 EUR, con disponibilità immediata e condizioni di spedizione uniformi.;"Enoteca Ralsula; Enoteca Vorzuno; Enoteca Nertaro";"v016 (Enoteca Ralsula); v008 (Enoteca Vorzuno); v020 (Enoteca Nertaro)";"sì; sì; sì";sì;
abbv2-c0041-q16-r0-a0;lungo/atipico;recommend;no;Questi venditori offrono vino rosso italiano in bottiglia da 750 ml al prezzo di 20.00 EUR, con disponibilità immediata e condizioni di spedizione uniformi.;"Enoteca Lumzuno; Enoteca Vorzuno; Enoteca Ralsula";"v028 (Enoteca Lumzuno); v008 (Enoteca Vorzuno); v016 (Enoteca Ralsula)";"sì; sì; sì";sì;
abbv2-c0050-q16-r0-a0;lungo/atipico;recommend;no;Questi venditori offrono vino rosso italiano in bottiglia da 750 ml al prezzo di 20.00 EUR, con disponibilità immediata e condizioni di spedizione uniformi.;"Enoteca Ralsula; Enoteca Talbula; Enoteca Lumzuno";"v016 (Enoteca Ralsula); v004 (Enoteca Talbula); v028 (Enoteca Lumzuno)";"sì; sì; sì";sì;
abbv2-c0115-q17-r0-a0;lungo/atipico;recommend;no;Questi tre venditori offrono vino rosso italiano, garantiscono la disponibilità del prodotto e rispettano la tempistica di consegna richiesta di 3-5 giorni.;"Enoteca Vorbula; Enoteca Lumzuno; Enoteca Ralsula";"v012 (Enoteca Vorbula); v028 (Enoteca Lumzuno); v016 (Enoteca Ralsula)";"sì; sì; sì";sì;
abbv2-c0246-q16-r0-a0;lungo/atipico;recommend;no;Questi venditori offrono vino rosso italiano in bottiglie da 750 ml al prezzo di 20.00 EUR, con disponibilità immediata e condizioni di spedizione uniformi.;"Enoteca Ralsula; Enoteca Zelpali; Enoteca Talbula";"v016 (Enoteca Ralsula); v024 (Enoteca Zelpali); v004 (Enoteca Talbula)";"sì; sì; sì";sì;
abbv2-c0282-q16-r0-a0;lungo/atipico;recommend;no;Questi venditori offrono vino rosso italiano in bottiglia da 750 ml al prezzo di 20.00 EUR, con disponibilità immediata e condizioni di spedizione uniformi.;"Enoteca Nertaro; Enoteca Vorzuno; Enoteca Ralsula";"v020 (Enoteca Nertaro); v008 (Enoteca Vorzuno); v016 (Enoteca Ralsula)";"sì; sì; sì";sì;
