vendor_id;nome_canonico
v001;Enoteca Talceni
v002;Enoteca Ralpali
v003;Enoteca Sovceni
v004;Enoteca Talbula
v005;Enoteca Talzuno
v006;Enoteca Ralmira
v007;Enoteca Nerzuno
v008;Enoteca Vorzuno
v009;Enoteca Sovgoro
v010;Enoteca Ralceni
v011;Enoteca Zelgoro
v012;Enoteca Vorbula
v013;Enoteca Vorvemi
v014;Enoteca Nergoro
v015;Enoteca Zelmira
v016;Enoteca Ralsula
v017;Enoteca Taldavo
v018;Enoteca Talsula
v019;Enoteca Lumvemi
v020;Enoteca Nertaro
v021;Enoteca Ralvemi
v022;Enoteca Talmira
v023;Enoteca Sovvemi
v024;Enoteca Zelpali
v025;Enoteca Nerrivo
v026;Enoteca Nerbula
v027;Enoteca Fesnelo
v028;Enoteca Lumzuno
v029;Enoteca Vorceni
v030;Enoteca Sovmira
v031;Enoteca Talrivo
v032;Enoteca Ralgoro
